{"cameraMode":{"drawMode":0,"name":"Shaded","section":"Shading Mode"},"sceneLighting":true,"audioPlay":false,"sceneViewState":{"showFog":true,"showMaterialUpdate":false,"showSkybox":true,"showFlares":true,"showImageEffects":true,"showParticleSystems":true},"in2DMode":false,"pivot":{"x":852.392822265625,"y":420.896484375,"z":32.02479934692383},"rotation":{"x":0.024294566363096238,"y":-0.013695426285266877,"z":0.0003327765443827957,"w":0.999610960483551},"size":1285.3685302734375,"orthographic":true}