{"cameraMode":{"drawMode":0,"name":"Shaded","section":"Shading Mode"},"sceneLighting":true,"audioPlay":false,"sceneViewState":{"showFog":true,"showMaterialUpdate":false,"showSkybox":true,"showFlares":true,"showImageEffects":true,"showParticleSystems":true},"in2DMode":false,"pivot":{"x":1676.4168701171875,"y":415.669921875,"z":70.88932800292969},"rotation":{"x":0.08468207716941834,"y":-0.019129013642668725,"z":0.0016259219264611602,"w":0.9962230920791626},"size":1295.6181640625,"orthographic":true}