{"cameraMode":{"drawMode":0,"name":"Shaded","section":"Shading Mode"},"sceneLighting":true,"audioPlay":false,"sceneViewState":{"showFog":true,"showMaterialUpdate":false,"showSkybox":true,"showFlares":true,"showImageEffects":true,"showParticleSystems":true},"in2DMode":false,"pivot":{"x":412.79998779296877,"y":504.5999755859375,"z":0.0},"rotation":{"x":0.13686603307724,"y":-0.005645392928272486,"z":0.000780009722802788,"w":0.9905731678009033},"size":613.6979370117188,"orthographic":true}