{"cameraMode":{"drawMode":0,"name":"Shaded","section":"Shading Mode"},"sceneLighting":true,"audioPlay":false,"sceneViewState":{"showFog":true,"showMaterialUpdate":false,"showSkybox":true,"showFlares":true,"showImageEffects":true,"showParticleSystems":true},"in2DMode":false,"pivot":{"x":1083.435546875,"y":633.6439208984375,"z":12.478658676147461},"rotation":{"x":0.024294566363096238,"y":-0.013695426285266877,"z":0.0003327765443827957,"w":0.999610960483551},"size":668.8756713867188,"orthographic":true}