{"cameraMode":{"drawMode":0,"name":"Shaded","section":"Shading Mode"},"sceneLighting":true,"audioPlay":false,"sceneViewState":{"showFog":true,"showMaterialUpdate":false,"showSkybox":true,"showFlares":true,"showImageEffects":true,"showParticleSystems":true},"in2DMode":false,"pivot":{"x":980.2976684570313,"y":728.3296508789063,"z":109.421875},"rotation":{"x":0.024294566363096238,"y":-0.013695426285266877,"z":0.0003327765443827957,"w":0.999610960483551},"size":1179.2874755859375,"orthographic":true}