{"cameraMode":{"drawMode":0,"name":"Shaded","section":"Shading Mode"},"sceneLighting":true,"audioPlay":false,"sceneViewState":{"showFog":true,"showMaterialUpdate":false,"showSkybox":true,"showFlares":true,"showImageEffects":true,"showParticleSystems":true},"in2DMode":false,"pivot":{"x":-5.750907897949219,"y":-6.076922416687012,"z":-2.1865086555480959},"rotation":{"x":0.2698338031768799,"y":-0.31971311569213869,"z":0.09551116824150086,"w":0.90324467420578},"size":5.010721206665039,"orthographic":true}