{"cameraMode":{"drawMode":0,"name":"Shaded","section":"Shading Mode"},"sceneLighting":true,"audioPlay":false,"sceneViewState":{"showFog":true,"showMaterialUpdate":false,"showSkybox":true,"showFlares":true,"showImageEffects":true,"showParticleSystems":true},"in2DMode":false,"pivot":{"x":975.7669677734375,"y":693.8565673828125,"z":-17.20416259765625},"rotation":{"x":-0.0036390437744557859,"y":-0.18168330192565919,"z":-0.00067287334240973,"w":0.9833501577377319},"size":1040.0936279296875,"orthographic":true}