{"cameraMode":{"drawMode":0,"name":"Shaded","section":"Shading Mode"},"sceneLighting":true,"audioPlay":false,"sceneViewState":{"showFog":true,"showMaterialUpdate":false,"showSkybox":true,"showFlares":true,"showImageEffects":true,"showParticleSystems":true},"in2DMode":false,"pivot":{"x":821.375,"y":468.94805908203127,"z":-48.166053771972659},"rotation":{"x":0.04527060687541962,"y":-0.024172702804207803,"z":0.0010955824982374907,"w":0.9986816644668579},"size":611.4609985351563,"orthographic":true}