{"cameraMode":{"drawMode":0,"name":"Shaded","section":"Shading Mode"},"sceneLighting":true,"audioPlay":false,"sceneViewState":{"showFog":true,"showMaterialUpdate":false,"showSkybox":true,"showFlares":true,"showImageEffects":true,"showParticleSystems":true},"in2DMode":false,"pivot":{"x":1080.38525390625,"y":478.0548095703125,"z":-4.5779924392700199},"rotation":{"x":0.022733502089977266,"y":0.07471095770597458,"z":-0.0017037293873727322,"w":0.9969446063041687},"size":1127.214111328125,"orthographic":true}