{"cameraMode":{"drawMode":0,"name":"Shaded","section":"Shading Mode"},"sceneLighting":true,"audioPlay":false,"sceneViewState":{"showFog":true,"showMaterialUpdate":false,"showSkybox":true,"showFlares":true,"showImageEffects":true,"showParticleSystems":true},"in2DMode":false,"pivot":{"x":1372.705810546875,"y":633.6851196289063,"z":-118.27081298828125},"rotation":{"x":0.022733502089977266,"y":0.07471095770597458,"z":-0.0017037293873727322,"w":0.9969446063041687},"size":797.3567504882813,"orthographic":true}