{"cameraMode":{"drawMode":0,"name":"Shaded","section":"Shading Mode"},"sceneLighting":false,"audioPlay":false,"sceneViewState":{"showFog":true,"showMaterialUpdate":false,"showSkybox":true,"showFlares":true,"showImageEffects":true,"showParticleSystems":true},"in2DMode":false,"pivot":{"x":132.50982666015626,"y":-13.77581787109375,"z":14.0},"rotation":{"x":0.02579532191157341,"y":-0.009196712635457516,"z":0.00023716581927146763,"w":0.9996249675750732},"size":399.7463073730469,"orthographic":true}