{"cameraMode":{"drawMode":0,"name":"Shaded","section":"Shading Mode"},"sceneLighting":true,"audioPlay":false,"sceneViewState":{"showFog":true,"showMaterialUpdate":false,"showSkybox":true,"showFlares":true,"showImageEffects":true,"showParticleSystems":true},"in2DMode":false,"pivot":{"x":-3.2598519325256349,"y":-2.857452154159546,"z":-8.267383575439454},"rotation":{"x":0.2391176074743271,"y":-0.36964383721351626,"z":0.0990457683801651,"w":0.8923990726470947},"size":5.482992649078369,"orthographic":true}