{"cameraMode":{"drawMode":0,"name":"Shaded","section":"Shading Mode"},"sceneLighting":true,"audioPlay":false,"sceneViewState":{"showFog":true,"showMaterialUpdate":false,"showSkybox":true,"showFlares":true,"showImageEffects":true,"showParticleSystems":true},"in2DMode":false,"pivot":{"x":757.0467529296875,"y":667.01611328125,"z":35.119789123535159},"rotation":{"x":0.022733502089977266,"y":0.07471095770597458,"z":-0.0017037293873727322,"w":0.9969446063041687},"size":1271.0570068359375,"orthographic":true}