{"cameraMode":{"drawMode":0,"name":"Shaded","section":"Shading Mode"},"sceneLighting":true,"audioPlay":false,"sceneViewState":{"showFog":true,"showMaterialUpdate":false,"showSkybox":true,"showFlares":true,"showImageEffects":true,"showParticleSystems":true},"in2DMode":false,"pivot":{"x":1174.754638671875,"y":635.6354370117188,"z":-132.47915649414063},"rotation":{"x":0.03328564390540123,"y":-0.02118653804063797,"z":0.0007056038011796773,"w":0.9992210865020752},"size":611.6245727539063,"orthographic":true}