{"cameraMode":{"drawMode":0,"name":"Shaded","section":"Shading Mode"},"sceneLighting":true,"audioPlay":false,"sceneViewState":{"showFog":true,"showMaterialUpdate":false,"showSkybox":true,"showFlares":true,"showImageEffects":true,"showParticleSystems":true},"in2DMode":false,"pivot":{"x":-5.406735897064209,"y":-3.5988340377807619,"z":-4.733263969421387},"rotation":{"x":0.2391176074743271,"y":-0.36964383721351626,"z":0.0990457683801651,"w":0.8923990726470947},"size":9.407922744750977,"orthographic":true}