{"cameraMode":{"drawMode":0,"name":"Shaded","section":"Shading Mode"},"sceneLighting":true,"audioPlay":false,"sceneViewState":{"showFog":true,"showMaterialUpdate":false,"showSkybox":true,"showFlares":true,"showImageEffects":true,"showParticleSystems":true},"in2DMode":false,"pivot":{"x":720.2083129882813,"y":637.2513427734375,"z":-59.166603088378909},"rotation":{"x":0.03328564390540123,"y":-0.02118653804063797,"z":0.0007056038011796773,"w":0.9992210865020752},"size":908.6891479492188,"orthographic":true}